	query	text	user	date	hashtags	likes	retweets	url	score
0	covid	COVID	30be7684-141b-5359-8bf3-7a483e6ca1be	Sat Nov 21 14:52:15 +0000 2020	[]	1311	118	https://twitter.com/i/web/status/1330162112509915140	2.5453011599999997
1	covid	From COVID?	ec560a68-6994-5283-b58a-45e738baaad0	Sat Nov 21 14:53:36 +0000 2020	[]	0	0	https://twitter.com/i/web/status/1330162452491870208	2.5453011599999997
2	covid	Covid or not	2c77833c-b66f-5c08-85f3-f7206d9631a6	Sat Nov 21 14:36:28 +0000 2020	[]	0	1	https://twitter.com/i/web/status/1330158139589713926	2.5453011599999997
3	covid	covid üòä	95cbbdde-72e1-5d73-a781-c7c742b6e0e1	Sat Nov 21 15:22:24 +0000 2020	[]	4424	1074	https://twitter.com/i/web/status/1330169701197111296	2.5453011599999997
4	covid	"??
Covid?"	dee4530d-cf2a-50de-b8dd-d5bfeb72c28f	Sat Nov 21 16:22:34 +0000 2020	[]	9	2	https://twitter.com/i/web/status/1330184841112014848	2.5453011599999997
5	covid	@a681cf9f-b27d-530b-878c-d216518ba80c Covid Covid Covid Covid!	40af6ae1-a0f6-5889-8021-dd8fcbf59324	Sat Nov 21 14:34:14 +0000 2020	[]	0	0	https://twitter.com/i/web/status/1330157579541106689	2.4693048309852133
6	covid	@a681cf9f-b27d-530b-878c-d216518ba80c Covid Covid Covid! https://t.co/4akUhfMFrU	efa59117-f84b-556f-ad67-d2070ba8e073	Sat Nov 21 14:52:32 +0000 2020	[]	0	0	https://twitter.com/i/web/status/1330162183557222402	2.302311525320824
7	covid	"RT @48e28750-430f-5ee1-9177-54639e0f35a4: Trump says about covid: ‚ÄúYou turn on CNN, that‚Äôs all they cover. ‚ÄòCovid, covid, pandemic. Covid, covid, covid.‚Äô‚Äù

Yes, we‚Ä¶"	58a382ce-2803-554e-83f7-59958173a078	Sat Nov 21 14:30:45 +0000 2020	[]	3010	1357	https://twitter.com/i/web/status/1330156701144801289	2.276586566787627
8	covid	@bbf1f637-6790-5a72-b346-b47d9ac6df58 Died ‚Äúwith Covid‚Äù not ‚Äúfrom Covid‚Äù	f5bd1a6b-02a2-556d-bebb-e654204a3786	Sat Nov 21 15:57:43 +0000 2020	[]	0	0	https://twitter.com/i/web/status/1330178589149564928	2.078229694571375
9	covid	"RT @983740bc-166f-59c8-8415-006fb46494f0: Covid this covid that....
Can we talk about ME now?????"	72d95870-ef1b-53c8-93a1-a95ba950bed7	Sat Nov 21 14:50:11 +0000 2020	[]	0	0	https://twitter.com/i/web/status/1330161590784692237	2.078229694571375
10	covid	RT @a8d42d10-0402-5264-a093-ca27d514c560: is it allergies or is it covid? is it a stress migraine or is it covid? is it anxiety or is it covid?	1ab132c0-8203-5b19-817a-309b03ceca2d	Sat Nov 21 14:32:04 +0000 2020	[]	0	0	https://twitter.com/i/web/status/1330157034428362752	2.040781047188203
11	covid	@56be04af-fc9d-5e59-a3ca-fe67726d0bd7 COVID, COVID, COVID, huh Loser? And it‚Äôs November 21	03f32385-0382-5b76-b460-850ab6f81be5	Sat Nov 21 15:12:13 +0000 2020	[]	0	0	https://twitter.com/i/web/status/1330167137793679372	2.040781047188203
12	covid	RT @a8d42d10-0402-5264-a093-ca27d514c560: is it allergies or is it covid? is it a stress migraine or is it covid? is it anxiety or is it covid?	304cc762-378e-5004-a35f-5563f92722cf	Sat Nov 21 15:15:26 +0000 2020	[]	0	0	https://twitter.com/i/web/status/1330167947663446018	2.040781047188203
13	covid	"@3f6a872d-2ae4-5353-a1e6-2af15738df62 @618a9f66-6c76-5418-acd8-7a2548669500 @3ffaf75c-afda-5ca5-89ad-d5df7357ccf2 Didn't he say ""COVID, COVID, COVID, COVID"" would disappear after the e‚Ä¶ https://t.co/e20EGtOi1V"	2b9f8e1f-2dde-55aa-a746-af82863c81dd	Sat Nov 21 15:56:42 +0000 2020	[]	0	0	https://twitter.com/i/web/status/1330178330474278920	2.0362409280000002
14	covid	"RT @b6d14bc8-a815-5029-a9ce-0663f2291738: Everyone who cares about Covid needs to read this.

#COVID2ndWaveIsReal #COVID19 #COVID #COVIDIOTS #covid

Covid UK: Fact‚Ä¶"	b6d14bc8-a815-5029-a9ce-0663f2291738	Sat Nov 21 16:09:23 +0000 2020	['COVID2ndWaveIsReal', 'COVID19', 'COVID', 'COVIDIOTS', 'covid']	0	0	https://twitter.com/i/web/status/1330181521702064134	1.9966985050477464
15	covid	@02e6fb19-6e6e-5b3a-977b-14c8000d52d1 He listened to your no mask. Covid is going away mark my words. Covid covid covid it will just go‚Ä¶ https://t.co/lYzuwtmxYP	29d05b89-b237-5414-8d70-81b0f5b503d1	Sat Nov 21 15:23:27 +0000 2020	[]	0	0	https://twitter.com/i/web/status/1330169962548387844	1.9593737465262222
16	covid	"‚ÄúDon‚Äôt be afraid of COVID!‚Äù 

........gets COVID

........again"	a76c3aac-cbad-5bce-8205-c33e46055f81	Sat Nov 21 14:57:52 +0000 2020	[]	2035	107	https://twitter.com/i/web/status/1330163525445152768	1.924066823178349
17	covid	COVID 20 is more dangerous than COVID 19	513ce28e-e6ca-5f99-963e-068fa08aaa7c	Sat Nov 21 16:16:50 +0000 2020	[]	243	63	https://twitter.com/i/web/status/1330183397654859777	1.924066823178349
18	covid	@e5234cc7-c89e-5c62-8d45-c01a1ecc3fcb @0c4b64e6-eee0-5dda-aec5-b5fa87398d85 @02e6fb19-6e6e-5b3a-977b-14c8000d52d1 What a pathetic headline. Covid covid covid. that's their platform.	81936d1e-2445-5001-b86a-0bfd65d96f38	Sat Nov 21 14:53:38 +0000 2020	[]	0	0	https://twitter.com/i/web/status/1330162462633713664	1.90897587
19	covid	"RT @ed841d8f-6948-5509-9866-982d0c29ab57: Don't you like people who don't moan and get Covid?
Thought after Nov. 3rd we won't be talking about Covid Covid Covid."	f4a98d22-02b8-5c2c-9ff1-43864d405c40	Sat Nov 21 14:39:40 +0000 2020	[]	149366	13780	https://twitter.com/i/web/status/1330158947614007300	1.8588251479680877
0	vaccine	RT @82fb6f2b-dfed-598d-87a4-0bed65229dd7: @a8b64e78-3951-5a99-8618-2f458b10c700 @e63715ca-b4ec-5636-ace6-a24a29d8d3d1 Will you take the vaccine?? #coronavirus #vaccination #vaccinate #Vaccin https://t.co/pLGqDHco‚Ä¶	a8b64e78-3951-5a99-8618-2f458b10c700	Sat Nov 21 16:09:32 +0000 2020	['coronavirus', 'vaccination', 'vaccinate', 'Vaccin']	0	0	https://twitter.com/i/web/status/1330181559614369793	10.818407185701211
1	vaccine	RT @8fc70e26-b477-5698-85ff-20cea4ea87b1: This vaccine is dangerous. I have never been anti vaccine but this has far more reaching consequences than any vaccine in my l‚Ä¶	79e7b839-38a5-5ac8-9a9c-846ed1c9d9b7	Sat Nov 21 16:11:58 +0000 2020	[]	55	9	https://twitter.com/i/web/status/1330182174713270273	9.230207548781598
2	vaccine	"""Most vaccines don‚Äôt require freezing at all, but both Pfizer and Moderna‚Äôs vaccines are a new type of vaccine for‚Ä¶ https://t.co/RdJFAGxgYi"	811ee27d-7ed4-54c9-a0b4-b6394366faa2	Sat Nov 21 14:50:12 +0000 2020	[]	0	0	https://twitter.com/i/web/status/1330161595171958792	9.230207548781598
3	vaccine	"If you see this on any covid vaccine, any flu shot vaccine, any type of vaccine. I would advise against it

Does ou‚Ä¶ https://t.co/loMYS6Lyj1"	6ef03c05-0266-5ec7-89df-eb276c81d221	Sat Nov 21 16:07:10 +0000 2020	[]	0	0	https://twitter.com/i/web/status/1330180966602706952	8.970149366063911
4	vaccine	"@42aa9958-fc5b-5647-8313-2efa074ae281 @c4b2a4f9-a2b5-5e70-8965-a0e2440577e3 @6fbacc95-6a51-581c-9103-bad35828f0d5 @531ceda0-65e1-5f97-b656-eb1deb3e5d43 Vaccine = control over Your Life
Vaccines = Gov Surveilance
Vaccine‚Ä¶ https://t.co/BnXQBvmQ2j"	0c64d1f7-6a8c-5053-8dfb-b631256de3fa	Sat Nov 21 15:26:50 +0000 2020	[]	0	0	https://twitter.com/i/web/status/1330170815103512577	8.970149366063911
5	vaccine	there is no vaccine for stupidity	d1e41328-ddc3-5f24-9d37-465435ad9224	Sat Nov 21 14:46:39 +0000 2020	[]	15846	4360	https://twitter.com/i/web/status/1330160704784125952	8.97014936606391
6	vaccine	Covid vaccines?	2fa2cd94-e574-5e50-a949-cb1f659f9e3e	Sat Nov 21 14:52:20 +0000 2020	[]	0	0	https://twitter.com/i/web/status/1330162132441325574	8.97014936606391
7	vaccine	RT @698188c5-8308-5511-8302-1e55b173f8ee: lt's looking like the flu vaccine could be the Covid vaccine in disguise. Such is the desperation to vaccinate this winter, a‚Ä¶	cd6d13dd-0b1f-55e2-9415-f6c08eba3a81	Sat Nov 21 16:02:28 +0000 2020	[]	0	0	https://twitter.com/i/web/status/1330179783481810946	8.730902267508574
8	vaccine	RT @698188c5-8308-5511-8302-1e55b173f8ee: lt's looking like the flu vaccine could be the Covid vaccine in disguise. Such is the desperation to vaccinate this winter, a‚Ä¶	9a594b39-6814-5de9-bc64-b76f7287cf54	Sat Nov 21 15:47:12 +0000 2020	[]	0	0	https://twitter.com/i/web/status/1330175943126773765	8.730902267508574
9	vaccine	RT @698188c5-8308-5511-8302-1e55b173f8ee: lt's looking like the flu vaccine could be the Covid vaccine in disguise. Such is the desperation to vaccinate this winter, a‚Ä¶	69f17c8e-13fe-5601-8e64-78b056da2b9f	Sat Nov 21 15:49:19 +0000 2020	[]	0	0	https://twitter.com/i/web/status/1330176471982338049	8.730902267508574
10	vaccine	RT @698188c5-8308-5511-8302-1e55b173f8ee: lt's looking like the flu vaccine could be the Covid vaccine in disguise. Such is the desperation to vaccinate this winter, a‚Ä¶	f4e2aaf3-ddee-5941-87f4-34a300be8fda	Sat Nov 21 15:55:18 +0000 2020	[]	0	0	https://twitter.com/i/web/status/1330177979792711687	8.730902267508574
11	vaccine	RT @698188c5-8308-5511-8302-1e55b173f8ee: lt's looking like the flu vaccine could be the Covid vaccine in disguise. Such is the desperation to vaccinate this winter, a‚Ä¶	dca98acc-3b1a-59c0-a89a-51e4b002f46a	Sat Nov 21 15:36:59 +0000 2020	[]	0	0	https://twitter.com/i/web/status/1330173371544383491	8.730902267508574
12	vaccine	RT @698188c5-8308-5511-8302-1e55b173f8ee: lt's looking like the flu vaccine could be the Covid vaccine in disguise. Such is the desperation to vaccinate this winter, a‚Ä¶	f6625b20-983e-5ed6-8008-caa7daccdbe2	Sat Nov 21 14:42:04 +0000 2020	[]	0	0	https://twitter.com/i/web/status/1330159548171169797	8.730902267508574
13	vaccine	COVID vaccine politics https://t.co/yVXaWx8cXe #vaccines #healthcare #CoronaVaccine	61105255-7b4a-5bca-b310-df3d6093dca3	Sat Nov 21 16:00:00 +0000 2020	['vaccines', 'healthcare', 'CoronaVaccine']	0	0	https://twitter.com/i/web/status/1330179161755971584	8.457137926666666
14	vaccine	Most ppl do not want to see a rushed political vaccine but a 99.9% effective vaccine	f7852269-0658-548e-826d-abe05ab2b774	Sat Nov 21 15:05:22 +0000 2020	[]	5	1	https://twitter.com/i/web/status/1330165415453077504	7.649769082646601
15	vaccine	Covid-19 vaccine updates: How Pfizer/BioNTech vaccine candidate has taken the¬†l‚Ä¶ https://t.co/rgURJsZly2	40c52a8e-b53e-540d-bbd8-e26c12612a80	Sat Nov 21 14:50:01 +0000 2020	[]	0	0	https://twitter.com/i/web/status/1330161552096452611	7.649769082646601
16	vaccine	Will low-income countries have to wait on COVID vaccines? https://t.co/ow9StDXT9s #covid19 #vaccines‚Ä¶ https://t.co/wL67XNiAjN	b6e7d1ae-80d9-5e96-9d44-810d1fe593be	Sat Nov 21 14:39:37 +0000 2020	['covid19', 'vaccines']	0	0	https://twitter.com/i/web/status/1330158935114969088	7.649769082646601
17	vaccine	Coronavirus Vaccine Latest Update (COVID-19 Vaccine) https://t.co/8pBoFrU0Ki via @87292f8d-817e-58df-87b2-f7762505bc2c	da610756-ab39-54ed-82e9-650827624063	Sat Nov 21 14:41:57 +0000 2020	[]	0	0	https://twitter.com/i/web/status/1330159521520619522	7.649769082646601
18	vaccine	RT @fc65d174-c41c-5e30-a4c5-69d86765c0b3: It's the Dolly vaccine!	c7383ca3-d026-5d6b-b32f-b766de36d08a	Sat Nov 21 15:19:56 +0000 2020	[]	13620	884	https://twitter.com/i/web/status/1330169079869689865	7.324096287802192
19	vaccine	The coronavirus vaccine should be free	4028cd22-e757-516b-8e52-12c893d55549	Sat Nov 21 15:42:45 +0000 2020	[]	0	0	https://twitter.com/i/web/status/1330174819678248962	7.324096287802192
0	trump	RT @7b2fa62c-6133-5e47-b68a-315944bb7ff6: I agree that we should name something after Trump. How about The Trump Pandemic, in which Trump allowed Trump Coronavirus to‚Ä¶	0046a557-472e-54ee-809e-43ef57a3676f	Sat Nov 21 14:42:13 +0000 2020	[]	0	0	https://twitter.com/i/web/status/1330159588663037952	7.055119028999662
1	trump	tRump Vaccine for the tRump Virus	07834142-57cb-5655-8c9c-8e06deda5119	Sat Nov 21 15:05:28 +0000 2020	[]	1450	98	https://twitter.com/i/web/status/1330165437414432768	6.906573571023725
2	trump	Lmao. Trump oh Trump üòÇüòÇ	767e6c29-fba9-5e6d-baba-907efbfabf15	Sat Nov 21 15:15:27 +0000 2020	[]	5191	1132	https://twitter.com/i/web/status/1330167951564083204	6.906573571023725
3	trump	@a9939b4c-31e7-5011-89b9-2dbea183dedd Better yet call it Trump Pandemic, Trump follies, Trump disaster, Trump shit show.	bdf53a93-88c2-5125-b62c-be07f0b61b6b	Sat Nov 21 15:00:15 +0000 2020	[]	0	0	https://twitter.com/i/web/status/1330164124618280964	6.767032447999999
4	trump	Trump wins again.	021918be-d329-5fe0-b5c4-8357fd7a3a93	Sat Nov 21 14:53:23 +0000 2020	[]	952	516	https://twitter.com/i/web/status/1330162396594380804	5.981268165612753
5	trump	It‚Äôs the Trump virus!	f300be1d-796b-5e22-9f39-d9653ef56b13	Sat Nov 21 15:58:44 +0000 2020	[]	5298	1264	https://twitter.com/i/web/status/1330178845115371522	5.981268165612753
6	trump	Not just Trump , all of the #GOPParasites are too!	3318fa86-d0ad-5736-a482-a21eb2b55788	Sat Nov 21 14:47:56 +0000 2020	['GOPParasites']	7117	1687	https://twitter.com/i/web/status/1330161024406876164	5.981268165612753
7	trump	And Trump does nothing.	efaf6278-b3ea-5e81-b67f-efc524f146d5	Sat Nov 21 14:49:01 +0000 2020	[]	247	239	https://twitter.com/i/web/status/1330161299142172674	5.981268165612753
8	trump	Dabo Trump	7373df4f-6285-544d-bcc4-ddc920209b55	Sat Nov 21 15:02:11 +0000 2020	[]	2	1	https://twitter.com/i/web/status/1330164612348735497	5.981268165612753
9	trump	trumps words. It is what it is. ü§£	3101f384-5d0b-5fed-9e3a-4c4021649828	Sat Nov 21 16:17:51 +0000 2020	[]	1	0	https://twitter.com/i/web/status/1330183654925070346	5.981268165612753
10	trump	Has he watched what they do to Trump?	f4e8d1ac-e877-5180-b885-075c9f4351f9	Sat Nov 21 16:09:17 +0000 2020	[]	5089	1844	https://twitter.com/i/web/status/1330181496615919619	5.981268165612753
11	trump	Trump flu	2e6f063a-3a05-595b-b476-30ccda8b054f	Sat Nov 21 16:08:28 +0000 2020	[]	2123	415	https://twitter.com/i/web/status/1330181291833241604	5.981268165612753
12	trump	This is Trump's America	95835bc5-9543-5d32-b19f-ad41b7ce7b45	Sat Nov 21 14:54:37 +0000 2020	[]	2	3	https://twitter.com/i/web/status/1330162706662486018	5.981268165612753
13	trump	The trump vaccine for the trump virus . Sounds right.	78ebc508-08e8-5f03-85d8-132ddff1c1f7	Sat Nov 21 15:47:12 +0000 2020	[]	1777	112	https://twitter.com/i/web/status/1330175940127830017	5.981268165612753
14	trump	"@d3fe624c-69ac-5344-bb6a-a467aa422bea @11a59f76-0ede-5170-aaaf-a440f09b9e7b TRUMP LOST

JOE BIDEN WON THE ELECTION

FAIR AND SQUARE

TRUMP IS A LOSER

TRUMP IS D‚Ä¶ https://t.co/N5uCDFspgF"	8c315f4b-34b8-5826-b069-e00d39441f6f	Sat Nov 21 15:58:54 +0000 2020	[]	0	0	https://twitter.com/i/web/status/1330178885040869376	5.821738931939338
15	trump	Trump made covid. Trump spread covid. All Trumps fault. Now which politician is responsible for AIDs and cancer?	11fdccee-23c6-5ff8-bcd2-6f409df60682	Sat Nov 21 16:11:51 +0000 2020	[]	29	1	https://twitter.com/i/web/status/1330182146296836096	5.674329209878054
16	trump	@d22026c6-fe3c-5852-aa7f-e96bbf939fd2 Why trump did nothing . Trump let covid spread.	1e428c40-33ec-500b-b389-53b79d8c162d	Sat Nov 21 16:04:42 +0000 2020	[]	0	0	https://twitter.com/i/web/status/1330180343614349321	5.639193706666666
17	trump	"RT @ee21789c-1c0a-557b-b9f3-8b6bec5b5aa2: We Believe in...

2021 Trump Wins
2021 Trump Cures
2021 Trump Re-Elected
2021 Trump Locks Her Up
2021 Trump Creates Jo‚Ä¶"	3468f01c-a157-5b4b-bb62-6da9408cc9df	Sat Nov 21 14:42:05 +0000 2020	[]	0	0	https://twitter.com/i/web/status/1330159554378739712	5.553468073705474
18	trump	"RT @ee21789c-1c0a-557b-b9f3-8b6bec5b5aa2: We Believe in...

2021 Trump Wins
2021 Trump Cures
2021 Trump Re-Elected
2021 Trump Locks Her Up
2021 Trump Creates Jo‚Ä¶"	af181708-dfd2-5ed8-a7fe-aae72d285a48	Sat Nov 21 15:19:57 +0000 2020	[]	0	0	https://twitter.com/i/web/status/1330169081538949124	5.553468073705474
19	trump	"RT @ee21789c-1c0a-557b-b9f3-8b6bec5b5aa2: We Believe in...

2021 Trump Wins
2021 Trump Cures
2021 Trump Re-Elected
2021 Trump Locks Her Up
2021 Trump Creates Jo‚Ä¶"	57b180e3-c5de-557f-a232-95e3692b72cb	Sat Nov 21 16:04:47 +0000 2020	[]	0	0	https://twitter.com/i/web/status/1330180365089189898	5.553468073705474
0	disease	COVID-19 is the symptomatic disease...	b16a33d8-9885-56d5-a7ee-5ec63936473a	Sat Nov 21 15:29:03 +0000 2020	[]	6	5	https://twitter.com/i/web/status/1330171371524075521	17.623977810931574
1	disease	RT @dcaf3388-eb78-5da6-be2c-56e4e0e41d1c: It‚Äôs a disease. Liberalism.	547fd8c8-12e5-58f4-b051-571a4b631661	Sat Nov 21 15:26:56 +0000 2020	[]	283	236	https://twitter.com/i/web/status/1330170842081337345	17.623977810931574
2	disease	"To better understand the SARS-CoV-2 virus and

 COVID-19 THE DISEASE IT CAUSES 

from an infectious disease perspec‚Ä¶ https://t.co/8BvzkCEDWa"	c8361f4b-b3f8-5d7e-af47-abb1a2b20ca1	Sat Nov 21 15:21:05 +0000 2020	[]	0	0	https://twitter.com/i/web/status/1330169366848151553	16.93257017739776
3	disease	why did i think dis-ease was in reference to covid üò≠	504d5213-3e6e-5ff1-a1fd-50cdbee497fb	Sat Nov 21 16:17:41 +0000 2020	[]	0	0	https://twitter.com/i/web/status/1330183614613614593	15.262812500000003
4	disease	@f67b9ae1-a047-551d-9154-3a5effa27a04 and gastrointestinal diseases, and while we are at it, rename STD's.	480279e4-fafe-555f-ba53-4a8285a2d6f8	Sat Nov 21 14:54:48 +0000 2020	[]	106	39	https://twitter.com/i/web/status/1330162753953263616	13.651474511133404
5	disease	Worried about spreading disease during a pandemic is punking out, TIL	8e16a973-e4a1-5614-85c3-dc5a4d258cb4	Sat Nov 21 16:05:53 +0000 2020	[]	375	47	https://twitter.com/i/web/status/1330180642311725057	12.462034221590962
6	disease	The cure can be worse than the disease with people like Nancy.	97b06667-3c40-5b1a-9de3-49d2dd541807	Sat Nov 21 16:14:19 +0000 2020	[]	5178	1280	https://twitter.com/i/web/status/1330182765657157638	12.462034221590962
7	disease	Like all Elder Gods; Santa is immune to all diseases.	7dc222b4-c037-5dd1-9338-34f1f88afcac	Sat Nov 21 15:18:59 +0000 2020	[]	40166	4562	https://twitter.com/i/web/status/1330168842098782209	12.462034221590962
8	disease	Covid is not a (deadly) disease, its a crowd control experiment	502939f6-b737-5934-8e95-de26d1ce9065	Sat Nov 21 14:49:06 +0000 2020	[]	0	0	https://twitter.com/i/web/status/1330161319379673094	12.462034221590962
9	disease	RT @8e16a973-e4a1-5614-85c3-dc5a4d258cb4: Worried about spreading disease during a pandemic is punking out, TIL	3cf0db41-6202-532a-a096-d8d8b91c40b8	Sat Nov 21 16:07:14 +0000 2020	[]	375	47	https://twitter.com/i/web/status/1330180982176100355	11.537601766402293
10	disease	RT @724cd424-1e9e-5d48-95c2-d9a4e1ddd80f: A disease prevented by thoughtfulness. #WearAMask #StayHome https://t.co/sMgcawbWAC	df1f664d-7518-5806-a76a-fc5718a9c240	Sat Nov 21 15:04:24 +0000 2020	['WearAMask', 'StayHome']	0	0	https://twitter.com/i/web/status/1330165169994002432	11.537601766402293
11	disease	@aea6b5f1-d75e-513e-84e8-c6d55068247e CoVid is a democratic hoax. What real disease has he tested + for?	69581a26-be8c-53e2-b9ec-be21c94e42e5	Sat Nov 21 14:34:17 +0000 2020	[]	0	0	https://twitter.com/i/web/status/1330157589435441153	11.537601766402293
12	disease	Praying for the coronavirus because it‚Äôs battling a terrible disease which is called @a681cf9f-b27d-530b-878c-d216518ba80c	1bd3ac93-f27c-5e7d-a9b4-de54a37f5447	Sat Nov 21 15:18:47 +0000 2020	[]	0	0	https://twitter.com/i/web/status/1330168788554231808	11.537601766402293
13	disease	RT @1b4c2425-c87b-5557-b38a-d3ba2d371f5a: These things were floating disease warehouses BEFORE Covid https://t.co/WyLLgYV96s	e4065f23-5cb4-513d-aad0-cc8332fe66ba	Sat Nov 21 15:33:39 +0000 2020	[]	242	28	https://twitter.com/i/web/status/1330172532301946883	11.537601766402293
14	disease	As an Italian American I resent that. Everyone knows this disease started in China.	abbd97ef-34fc-5096-95cc-45ac2b78e6cd	Sat Nov 21 14:40:50 +0000 2020	[]	1782	535	https://twitter.com/i/web/status/1330159241194315779	10.792438218728803
15	disease	@98b87bb1-b0e7-52ed-b954-115f83dcf128 @c7957e7e-2a02-5507-87fb-a6cf3cdd0680 @bcefb63b-2de1-5282-a75a-e12340e42a63 COVID-19 is the name of a disease caused by a virus.	7f434365-8865-5f70-9e7b-3fbd5c2b1ed2	Sat Nov 21 15:12:11 +0000 2020	[]	0	0	https://twitter.com/i/web/status/1330167127190417415	10.792438218728803
16	disease	@4789a089-cb35-5025-a3f9-4d70bb13bc12 They were both obese! I‚Äôm sure they died from other diseases and you just put covidü§Æü§Æü§Æ	9a0be1da-3d22-539d-b4a3-3334ce67c735	Sat Nov 21 15:44:52 +0000 2020	[]	0	0	https://twitter.com/i/web/status/1330175353214603264	10.792438218728803
17	disease	And just remember that this is a disease that we can avoid catching and cancer does not give you that option but on‚Ä¶ https://t.co/1la5b3oPzT	22bd7047-47de-5605-995e-e5aeadc72d0c	Sat Nov 21 15:57:48 +0000 2020	[]	45	0	https://twitter.com/i/web/status/1330178608544051204	10.792438218728803
18	disease	@c2197d7b-4e15-5fc0-8e6c-f12879f6dc8f COVID would not have been my first guess at ‚ÄúTimbers disease outbreak.‚Äù	2f375cbf-96d7-59c3-a9c3-5cf840fe8a83	Sat Nov 21 15:55:15 +0000 2020	[]	0	0	https://twitter.com/i/web/status/1330177967348125696	10.792438218728803
19	disease	LMAO yo this disease be spreading faster than Covid atm ngl	9b30424c-e459-5ac5-9c5f-457dd06cce2e	Sat Nov 21 16:12:54 +0000 2020	[]	0	0	https://twitter.com/i/web/status/1330182408050765824	10.792438218728803
0	biden	Biden had Covid ?	ccd737cf-b905-548e-9d6c-ce2998972571	Sat Nov 21 14:43:26 +0000 2020	[]	0	0	https://twitter.com/i/web/status/1330159894683594753	9.745809697138151
1	biden	Biden the hypocrite	7a96f06a-534c-533e-a23d-b762fc2d880c	Sat Nov 21 14:36:21 +0000 2020	[]	270	92	https://twitter.com/i/web/status/1330158110623854603	9.745809697138151
2	biden	biden's world	fb811f1d-7407-5081-ba6a-a332fd708e6f	Sat Nov 21 14:29:38 +0000 2020	[]	6	1	https://twitter.com/i/web/status/1330156419434360833	9.745809697138151
3	biden	Biden is ‚Äî‚Äî clown.	e3209940-09a4-51dc-8b57-8005d423c789	Sat Nov 21 16:08:19 +0000 2020	[]	744	171	https://twitter.com/i/web/status/1330181254461984771	9.745809697138151
4	biden	RT @1998a400-b9a0-5807-b436-424e947cecc9: Or acknowledges that Biden won!	1cd1c7d9-d456-52e4-9e7a-447f0f2ddd7e	Sat Nov 21 15:05:39 +0000 2020	[]	146	44	https://twitter.com/i/web/status/1330165485682429953	7.957420296085579
5	biden	RT @1998a400-b9a0-5807-b436-424e947cecc9: Or acknowledges that Biden won!	c371e613-6765-55ea-9193-b69c17c68f2d	Sat Nov 21 14:53:36 +0000 2020	[]	144	43	https://twitter.com/i/web/status/1330162451208351746	7.957420296085579
6	biden	Covid Tucker Biden	df7d16f5-e07c-5a19-9222-82ec15409714	Sat Nov 21 15:14:32 +0000 2020	[]	515	282	https://twitter.com/i/web/status/1330167718507646978	7.957420296085579
7	biden	"RT @5bbaa4f6-2078-594a-af03-8c3d03e13906: Biden is telling us because of Covid his Thanksgiving will have no more than 3 ppl &amp; you should too!
This was Biden yeste‚Ä¶"	fc5ce953-28b3-5580-9c71-faaa83325f31	Sat Nov 21 15:10:06 +0000 2020	[]	48052	5463	https://twitter.com/i/web/status/1330166604198539271	7.645242126379881
8	biden	"RT @5bbaa4f6-2078-594a-af03-8c3d03e13906: Biden is telling us because of Covid his Thanksgiving will have no more than 3 ppl &amp; you should too!
This was Biden yeste‚Ä¶"	3168b405-22c5-51a3-b3ed-5b07d1ad9553	Sat Nov 21 14:30:41 +0000 2020	[]	47439	5377	https://twitter.com/i/web/status/1330156685256699904	7.645242126379881
9	biden	"üëÄ @b1ee1b57-09d3-5455-bb4c-cbdb9d01a8b4

A fair, tough question to #Biden. Listen for yourself, esp. to what Biden says early and what his team‚Ä¶ https://t.co/lYfzZRXrY5"	378d3048-6395-513b-9b96-46a8396160da	Sat Nov 21 15:28:58 +0000 2020	['Biden']	4901	1782	https://twitter.com/i/web/status/1330171352536518657	7.3671396524540755
10	biden	RT @9eacde40-158d-5b8f-a547-5f1076ddb8ec: The next pandemic will be will be people denying they voted for Biden, if Biden does become successful stealing the ele‚Ä¶	369618ce-aefc-5914-97a4-aefc49989700	Sat Nov 21 15:21:02 +0000 2020	[]	0	0	https://twitter.com/i/web/status/1330169355284385793	7.3671396524540755
11	biden	@be988d7c-2d67-58e5-ab17-77e8cbb6ab2e Biden won by more than six million votes and Biden won in the electoral college. Suburban woman did not l‚Ä¶ https://t.co/lGfFv027hV	eec42d4c-d702-59a6-b624-2b5d8876850f	Sat Nov 21 15:23:18 +0000 2020	[]	0	0	https://twitter.com/i/web/status/1330169927790161922	7.3671396524540755
12	biden	Biden puppet soon in jail	499bc1a3-df4a-58f3-a092-c6d79341efdf	Sat Nov 21 14:30:41 +0000 2020	[]	631	277	https://twitter.com/i/web/status/1330156683251904515	6.891328124999999
13	biden	RT @6a993427-8b4b-59e4-9c7c-d4fc9774b44d: The Treasury Secretary is trying to handicap Biden‚Äôs economic policy plans, so Trump can then attack Biden as a failure. h‚Ä¶	ff3458c0-8ece-59e2-9730-f64bc317e70a	Sat Nov 21 15:11:11 +0000 2020	[]	0	0	https://twitter.com/i/web/status/1330166877050507270	6.891328124999999
14	biden	@7f9586bf-7c5f-5a33-80c2-d8e7a44c9877 Hunter Biden has covid?	350de731-c8b2-5f0d-833a-c8c809c055ec	Sat Nov 21 14:31:50 +0000 2020	[]	0	0	https://twitter.com/i/web/status/1330156973443178499	6.891328124999999
15	biden	RT @db9bbb7f-42d4-5841-902f-923aa0cc9aa8: BIDEN COVID ADVISOR: Those Older Than 75 Should Get Vaccines LAST-American's should be deeply troubled that a man Biden is loo‚Ä¶	cea0449c-0741-5f12-9e44-2c3d653b7614	Sat Nov 21 15:51:58 +0000 2020	[]	0	0	https://twitter.com/i/web/status/1330177141028368390	6.891328124999999
16	biden	RT @6a993427-8b4b-59e4-9c7c-d4fc9774b44d: The Treasury Secretary is trying to handicap Biden‚Äôs economic policy plans, so Trump can then attack Biden as a failure. h‚Ä¶	2e22629c-be0a-50c0-8d95-a4eaef02ef84	Sat Nov 21 15:06:50 +0000 2020	[]	0	0	https://twitter.com/i/web/status/1330165782043570181	6.891328124999999
17	biden	RT @db9bbb7f-42d4-5841-902f-923aa0cc9aa8: BIDEN COVID ADVISOR: Those Older Than 75 Should Get Vaccines LAST-American's should be deeply troubled that a man Biden is loo‚Ä¶	e07c6855-03bb-5433-9172-387ca0295588	Sat Nov 21 15:56:28 +0000 2020	[]	0	0	https://twitter.com/i/web/status/1330178271141650439	6.891328124999999
18	biden	Let the same energy Trump got for 4 fucking years be direct at Biden if Biden becomes the president. I want to see‚Ä¶ https://t.co/Tat5JGt5OX	fd55fcf2-a2a1-5b8f-927e-92e18f056415	Sat Nov 21 15:56:30 +0000 2020	[]	5018	1827	https://twitter.com/i/web/status/1330178281044385801	6.685570296509342
19	biden	RT @883b456b-a6be-5a4a-8758-09950e566c3a: Joe Biden has asked American voters to donate to fund his transition. Yes that is the same Joe Biden that has pledged to‚Ä¶	70b9cc81-b985-5277-af3b-6c7f167f9cd1	Sat Nov 21 15:20:03 +0000 2020	[]	0	0	https://twitter.com/i/web/status/1330169109934387202	6.685570296509342
0	lockdown	This is why we‚Äôre on lockdown	f1e810fe-477a-565b-a81d-96aec35c545d	Sat Nov 21 14:29:39 +0000 2020	[]	0	0	https://twitter.com/i/web/status/1330156426359136264	8.71961841
1	lockdown	Lockdown	a7c01af5-378f-57b9-b8c6-b5c6e76aabc4	Sat Nov 21 14:45:26 +0000 2020	[]	0	0	https://twitter.com/i/web/status/1330160396527874049	8.71961841
2	lockdown	But we on lockdown üò´	0080054d-81a0-5f50-84d2-3173a3890563	Sat Nov 21 14:39:46 +0000 2020	[]	3	0	https://twitter.com/i/web/status/1330158970540003330	8.71961841
3	lockdown	"RT @bcefb63b-2de1-5282-a75a-e12340e42a63: If lockdowns worked, why would we need to lockdown again?

If lockdowns didn‚Äôt work, why should we lockdown again?

ü§î"	ff745e72-1864-5134-8117-d2e0c44fffc6	Sat Nov 21 16:14:24 +0000 2020	[]	0	0	https://twitter.com/i/web/status/1330182786930663426	7.1195386187594565
4	lockdown	RT @e4c3ce7f-a8b1-5a20-aa3d-ea6c9b61771c: Before Lockdown     |  After Lockdown https://t.co/ZgxVb2BS34	105d04a9-9efc-5589-b079-29ffbbded72e	Sat Nov 21 15:05:25 +0000 2020	[]	0	0	https://twitter.com/i/web/status/1330165424655364098	7.1195386187594565
5	lockdown	RT @e4c3ce7f-a8b1-5a20-aa3d-ea6c9b61771c: Before Lockdown     |  After Lockdown https://t.co/ZgxVb2BS34	3506290b-c468-516b-8441-2a5a586c060c	Sat Nov 21 15:07:37 +0000 2020	[]	0	0	https://twitter.com/i/web/status/1330165980979466240	7.1195386187594565
6	lockdown	RT @e4c3ce7f-a8b1-5a20-aa3d-ea6c9b61771c: Before Lockdown     |  After Lockdown https://t.co/ZgxVb2BS34	cc755a76-1248-5d1d-b3f8-036503227ce6	Sat Nov 21 15:06:39 +0000 2020	[]	0	0	https://twitter.com/i/web/status/1330165736124391424	7.1195386187594565
7	lockdown	RT @e4c3ce7f-a8b1-5a20-aa3d-ea6c9b61771c: Before Lockdown     |  After Lockdown https://t.co/ZgxVb2BS34	7d470c6f-f92d-53db-b986-1cb9821bee12	Sat Nov 21 14:38:46 +0000 2020	[]	0	0	https://twitter.com/i/web/status/1330158721062883335	7.1195386187594565
8	lockdown	"RT @bcefb63b-2de1-5282-a75a-e12340e42a63: If lockdowns worked, why would we need to lockdown again?

If lockdowns didn‚Äôt work, why should we lockdown again?

ü§î"	a26afd94-1212-5c02-9995-2ff07b453d54	Sat Nov 21 15:49:29 +0000 2020	[]	0	0	https://twitter.com/i/web/status/1330176517079511040	7.1195386187594565
9	lockdown	RT @5d3cf535-827e-5b18-b29f-b4c3094d1258: Before Lockdown     |  After Lockdown https://t.co/179VjyHBxU	edd716d9-9162-58f4-a339-42e11af29ec7	Sat Nov 21 15:28:57 +0000 2020	[]	0	0	https://twitter.com/i/web/status/1330171348249931777	7.1195386187594565
10	lockdown	"lockdown 1
lockdown 2"	55a87091-2bca-5c75-b362-db9f07e9e84e	Sat Nov 21 14:49:02 +0000 2020	[]	18	0	https://twitter.com/i/web/status/1330161302036209669	7.1195386187594565
11	lockdown	before lockdown v second lockdown https://t.co/SQyN5JSfGn	e71d44c0-2e0f-5428-a8b5-6856d0b79d29	Sat Nov 21 14:34:22 +0000 2020	[]	0	0	https://twitter.com/i/web/status/1330157611786924036	6.591411954354411
12	lockdown	I‚Äôm so over lockdown üôÑ	f316a000-fe65-5367-bcb5-1c2979c5b4c5	Sat Nov 21 15:22:20 +0000 2020	[]	0	0	https://twitter.com/i/web/status/1330169681194463234	6.165701307070061
13	lockdown	COVID Lockdowns	044e7d96-d3d9-5a68-be33-34079464f9cc	Sat Nov 21 14:47:55 +0000 2020	[]	138	47	https://twitter.com/i/web/status/1330161023471521794	6.165701307070061
14	lockdown	nablus is on lockdown?	94067246-2558-55af-824d-844bd6122a89	Sat Nov 21 15:48:17 +0000 2020	[]	0	0	https://twitter.com/i/web/status/1330176213139263489	6.165701307070061
15	lockdown	I promise you, there is no lockdown	67122f99-b017-5f59-9a19-9c503c17a55c	Sat Nov 21 15:20:09 +0000 2020	[]	0	0	https://twitter.com/i/web/status/1330169135419056132	6.165701307070061
16	lockdown	RT @a5138a51-c061-52d2-b556-9afd762582c3: lockdown 1 &gt; lockdown 2	89e6ac14-9193-56ef-81ee-ea8db42f0eba	Sat Nov 21 16:09:34 +0000 2020	[]	0	0	https://twitter.com/i/web/status/1330181571429756935	6.165701307070061
17	lockdown	Lockdown in England?	7bc14c24-44e2-5760-a926-b1527ddc7d83	Sat Nov 21 15:47:08 +0000 2020	[]	2764	594	https://twitter.com/i/web/status/1330175923098882054	6.165701307070061
18	lockdown	same pero it‚Äôs lockdown	70caab55-f3aa-5379-90c2-354bc26361f4	Sat Nov 21 16:16:31 +0000 2020	[]	34	7	https://twitter.com/i/web/status/1330183318067884036	6.165701307070061
19	lockdown	woozi lockdown. now	86bea2da-3a41-5973-8ac9-ac12b72e677e	Sat Nov 21 15:02:18 +0000 2020	[]	0	0	https://twitter.com/i/web/status/1330164639934668804	6.165701307070061
0	ball	Balling!!	d4d7e544-9b1b-577b-813d-66404637e6e1	Sat Nov 21 15:13:10 +0000 2020	[]	101933	16679	https://twitter.com/i/web/status/1330167374524379137	54.80588961
1	ball	And 8 balls	df96e810-4302-5b80-908d-9e18da5279d4	Sat Nov 21 15:48:20 +0000 2020	[]	85	4	https://twitter.com/i/web/status/1330176227940970504	38.75361619219235
2	ball	Excellent read, it was a crystal ball of how Trump would fuck this up.	714eb196-3913-5f4c-840f-7ce293788099	Sat Nov 21 15:25:30 +0000 2020	[]	20516	5499	https://twitter.com/i/web/status/1330170481975185408	20.71467918424553
3	ball	RT @af95988d-4eec-5a8e-8b54-7fea81588bf5: dragon ball z converse I painted over quarantine :-) https://t.co/6A1OJ3a0VR	10a7fd74-7cfc-5140-93ca-eb00c3eda483	Sat Nov 21 16:02:15 +0000 2020	[]	0	0	https://twitter.com/i/web/status/1330179727492083714	19.376808096096173
4	ball	@0c861c12-ce24-57ea-9b20-9fcd10885a32 @02e6fb19-6e6e-5b3a-977b-14c8000d52d1 We are in this mess because of @d747ad3e-ce40-5819-96a4-3f4b4bc864b2. We literally dropped the ball when we all we‚Ä¶ https://t.co/dKkl8WHVSE	6babd154-5ecd-5fcb-a5d2-99c098f85f76	Sat Nov 21 15:56:30 +0000 2020	[]	0	0	https://twitter.com/i/web/status/1330178283405795331	19.376808096096173
5	ball	@02e6fb19-6e6e-5b3a-977b-14c8000d52d1 Covid and isolating my balls! He's OD'd and in a rehab centre.	99072a56-f9e4-5a91-bad7-6c8768da0e10	Sat Nov 21 15:53:08 +0000 2020	[]	0	0	https://twitter.com/i/web/status/1330177435321716743	19.376808096096173
6	ball	RT @af95988d-4eec-5a8e-8b54-7fea81588bf5: dragon ball z converse I painted over quarantine :-) https://t.co/6A1OJ3a0VR	af95988d-4eec-5a8e-8b54-7fea81588bf5	Sat Nov 21 16:02:31 +0000 2020	[]	0	0	https://twitter.com/i/web/status/1330179796488347648	19.376808096096173
7	ball	It‚Äôll be up to the new USAG, whom I hope turns out to be a real ‚Äòball buster‚Äô‚ÄºÔ∏èüëäüèºüëäüèæüëä	8be91e1c-2896-5054-8a69-127200396017	Sat Nov 21 15:37:55 +0000 2020	[]	66	17	https://twitter.com/i/web/status/1330173604374466572	19.376808096096173
8	ball	"RT @2a459b5e-4725-534f-9814-baf36ad4cce5: A for apple.
B for ball. 
C for Corona
That screwed us all."	2a459b5e-4725-534f-9814-baf36ad4cce5	Sat Nov 21 16:06:02 +0000 2020	[]	0	0	https://twitter.com/i/web/status/1330180680232398856	19.376808096096173
9	ball	I need to play football ffs, ain‚Äôt kicked a ball this lockdown kmt	c9506e25-9bcf-5a9a-a64d-eccffe038fae	Sat Nov 21 15:08:52 +0000 2020	[]	0	0	https://twitter.com/i/web/status/1330166296080769026	18.268629869999998
10	ball	Failed at remembering my last USMC ball because I pregamed w/ a whole bottle before showing upüòÖüíÄ	65bf9f27-3add-53a5-a0f3-f6e25cdfa502	Sat Nov 21 16:01:03 +0000 2020	[]	0	0	https://twitter.com/i/web/status/1330179426856931329	17.331144035935733
11	ball	RT @06176ee9-eb94-5993-b044-d5c8742424e5: if you can smell your own balls that means you have corona virus . bad news for all you Stupid mother fuckers on here	bb9dd1c4-9153-5fdd-8ad6-94ab76ef465f	Sat Nov 21 14:45:44 +0000 2020	[]	0	0	https://twitter.com/i/web/status/1330160474340679683	16.524597467091585
12	ball	RT @06176ee9-eb94-5993-b044-d5c8742424e5: if you can smell your own balls that means you have corona virus . bad news for all you Stupid mother fuckers on here	5fac4c59-6405-56c6-9cf1-c9d391d2a590	Sat Nov 21 15:02:21 +0000 2020	[]	0	0	https://twitter.com/i/web/status/1330164653901623300	16.524597467091585
13	ball	RT @06176ee9-eb94-5993-b044-d5c8742424e5: if you can smell your own balls that means you have corona virus . bad news for all you Stupid mother fuckers on here	54505f64-d3a5-58a5-bf2e-f94a6d00c8a3	Sat Nov 21 15:02:21 +0000 2020	[]	0	0	https://twitter.com/i/web/status/1330164653968777217	16.524597467091585
14	ball	RT @06176ee9-eb94-5993-b044-d5c8742424e5: if you can smell your own balls that means you have corona virus . bad news for all you Stupid mother fuckers on here	521bf970-3f8d-5c8e-abaf-5d89cd2c98b0	Sat Nov 21 15:05:36 +0000 2020	[]	0	0	https://twitter.com/i/web/status/1330165472847949825	16.524597467091585
15	ball	RT @06176ee9-eb94-5993-b044-d5c8742424e5: if you can smell your own balls that means you have corona virus . bad news for all you Stupid mother fuckers on here	ade3911b-3fbf-5374-9e2d-b2d364ccb6ab	Sat Nov 21 15:36:45 +0000 2020	[]	0	0	https://twitter.com/i/web/status/1330173311834320900	16.524597467091585
16	ball	This current administration has completely dropped the ball. Please be responsible for your own actions and don‚Äôt g‚Ä¶ https://t.co/SvCa7ZoML9	d5be8fd3-9e93-55ce-9343-d8b18d2cbf39	Sat Nov 21 16:14:06 +0000 2020	[]	608	213	https://twitter.com/i/web/status/1330182709315063814	16.524597467091585
17	ball	RT @06176ee9-eb94-5993-b044-d5c8742424e5: if you can smell your own balls that means you have corona virus . bad news for all you Stupid mother fuckers on here	e07b299a-12f8-54ce-8520-8e9745a8a271	Sat Nov 21 16:13:05 +0000 2020	[]	0	0	https://twitter.com/i/web/status/1330182456826359814	16.524597467091585
18	ball	RT @06176ee9-eb94-5993-b044-d5c8742424e5: if you can smell your own balls that means you have corona virus . bad news for all you Stupid mother fuckers on here	13cd8db1-6a0e-5aa7-987c-6131ba29c63b	Sat Nov 21 16:19:14 +0000 2020	[]	0	0	https://twitter.com/i/web/status/1330184002377035776	16.524597467091585
19	ball	RT @06176ee9-eb94-5993-b044-d5c8742424e5: if you can smell your own balls that means you have corona virus . bad news for all you Stupid mother fuckers on here	712c06ec-6eed-5eec-8bc0-35ddf11a9075	Sat Nov 21 15:01:01 +0000 2020	[]	0	0	https://twitter.com/i/web/status/1330164319598866441	16.524597467091585
0	when will we have a vaccine?	RT @82fb6f2b-dfed-598d-87a4-0bed65229dd7: @a8b64e78-3951-5a99-8618-2f458b10c700 @e63715ca-b4ec-5636-ace6-a24a29d8d3d1 Will you take the vaccine?? #coronavirus #vaccination #vaccinate #Vaccin https://t.co/pLGqDHco‚Ä¶	a8b64e78-3951-5a99-8618-2f458b10c700	Sat Nov 21 16:09:32 +0000 2020	['coronavirus', 'vaccination', 'vaccinate', 'Vaccin']	0	0	https://twitter.com/i/web/status/1330181559614369793	10.818407185701211
1	when will we have a vaccine?	RT @8fc70e26-b477-5698-85ff-20cea4ea87b1: This vaccine is dangerous. I have never been anti vaccine but this has far more reaching consequences than any vaccine in my l‚Ä¶	79e7b839-38a5-5ac8-9a9c-846ed1c9d9b7	Sat Nov 21 16:11:58 +0000 2020	[]	55	9	https://twitter.com/i/web/status/1330182174713270273	9.230207548781598
2	when will we have a vaccine?	"""Most vaccines don‚Äôt require freezing at all, but both Pfizer and Moderna‚Äôs vaccines are a new type of vaccine for‚Ä¶ https://t.co/RdJFAGxgYi"	811ee27d-7ed4-54c9-a0b4-b6394366faa2	Sat Nov 21 14:50:12 +0000 2020	[]	0	0	https://twitter.com/i/web/status/1330161595171958792	9.230207548781598
3	when will we have a vaccine?	"If you see this on any covid vaccine, any flu shot vaccine, any type of vaccine. I would advise against it

Does ou‚Ä¶ https://t.co/loMYS6Lyj1"	6ef03c05-0266-5ec7-89df-eb276c81d221	Sat Nov 21 16:07:10 +0000 2020	[]	0	0	https://twitter.com/i/web/status/1330180966602706952	8.970149366063911
4	when will we have a vaccine?	"@42aa9958-fc5b-5647-8313-2efa074ae281 @c4b2a4f9-a2b5-5e70-8965-a0e2440577e3 @6fbacc95-6a51-581c-9103-bad35828f0d5 @531ceda0-65e1-5f97-b656-eb1deb3e5d43 Vaccine = control over Your Life
Vaccines = Gov Surveilance
Vaccine‚Ä¶ https://t.co/BnXQBvmQ2j"	0c64d1f7-6a8c-5053-8dfb-b631256de3fa	Sat Nov 21 15:26:50 +0000 2020	[]	0	0	https://twitter.com/i/web/status/1330170815103512577	8.970149366063911
5	when will we have a vaccine?	there is no vaccine for stupidity	d1e41328-ddc3-5f24-9d37-465435ad9224	Sat Nov 21 14:46:39 +0000 2020	[]	15846	4360	https://twitter.com/i/web/status/1330160704784125952	8.97014936606391
6	when will we have a vaccine?	Covid vaccines?	2fa2cd94-e574-5e50-a949-cb1f659f9e3e	Sat Nov 21 14:52:20 +0000 2020	[]	0	0	https://twitter.com/i/web/status/1330162132441325574	8.97014936606391
7	when will we have a vaccine?	RT @698188c5-8308-5511-8302-1e55b173f8ee: lt's looking like the flu vaccine could be the Covid vaccine in disguise. Such is the desperation to vaccinate this winter, a‚Ä¶	cd6d13dd-0b1f-55e2-9415-f6c08eba3a81	Sat Nov 21 16:02:28 +0000 2020	[]	0	0	https://twitter.com/i/web/status/1330179783481810946	8.730902267508574
8	when will we have a vaccine?	RT @698188c5-8308-5511-8302-1e55b173f8ee: lt's looking like the flu vaccine could be the Covid vaccine in disguise. Such is the desperation to vaccinate this winter, a‚Ä¶	9a594b39-6814-5de9-bc64-b76f7287cf54	Sat Nov 21 15:47:12 +0000 2020	[]	0	0	https://twitter.com/i/web/status/1330175943126773765	8.730902267508574
9	when will we have a vaccine?	RT @698188c5-8308-5511-8302-1e55b173f8ee: lt's looking like the flu vaccine could be the Covid vaccine in disguise. Such is the desperation to vaccinate this winter, a‚Ä¶	69f17c8e-13fe-5601-8e64-78b056da2b9f	Sat Nov 21 15:49:19 +0000 2020	[]	0	0	https://twitter.com/i/web/status/1330176471982338049	8.730902267508574
10	when will we have a vaccine?	RT @698188c5-8308-5511-8302-1e55b173f8ee: lt's looking like the flu vaccine could be the Covid vaccine in disguise. Such is the desperation to vaccinate this winter, a‚Ä¶	f4e2aaf3-ddee-5941-87f4-34a300be8fda	Sat Nov 21 15:55:18 +0000 2020	[]	0	0	https://twitter.com/i/web/status/1330177979792711687	8.730902267508574
11	when will we have a vaccine?	RT @698188c5-8308-5511-8302-1e55b173f8ee: lt's looking like the flu vaccine could be the Covid vaccine in disguise. Such is the desperation to vaccinate this winter, a‚Ä¶	dca98acc-3b1a-59c0-a89a-51e4b002f46a	Sat Nov 21 15:36:59 +0000 2020	[]	0	0	https://twitter.com/i/web/status/1330173371544383491	8.730902267508574
12	when will we have a vaccine?	RT @698188c5-8308-5511-8302-1e55b173f8ee: lt's looking like the flu vaccine could be the Covid vaccine in disguise. Such is the desperation to vaccinate this winter, a‚Ä¶	f6625b20-983e-5ed6-8008-caa7daccdbe2	Sat Nov 21 14:42:04 +0000 2020	[]	0	0	https://twitter.com/i/web/status/1330159548171169797	8.730902267508574
13	when will we have a vaccine?	COVID vaccine politics https://t.co/yVXaWx8cXe #vaccines #healthcare #CoronaVaccine	61105255-7b4a-5bca-b310-df3d6093dca3	Sat Nov 21 16:00:00 +0000 2020	['vaccines', 'healthcare', 'CoronaVaccine']	0	0	https://twitter.com/i/web/status/1330179161755971584	8.457137926666666
14	when will we have a vaccine?	Most ppl do not want to see a rushed political vaccine but a 99.9% effective vaccine	f7852269-0658-548e-826d-abe05ab2b774	Sat Nov 21 15:05:22 +0000 2020	[]	5	1	https://twitter.com/i/web/status/1330165415453077504	7.649769082646601
15	when will we have a vaccine?	Covid-19 vaccine updates: How Pfizer/BioNTech vaccine candidate has taken the¬†l‚Ä¶ https://t.co/rgURJsZly2	40c52a8e-b53e-540d-bbd8-e26c12612a80	Sat Nov 21 14:50:01 +0000 2020	[]	0	0	https://twitter.com/i/web/status/1330161552096452611	7.649769082646601
16	when will we have a vaccine?	Will low-income countries have to wait on COVID vaccines? https://t.co/ow9StDXT9s #covid19 #vaccines‚Ä¶ https://t.co/wL67XNiAjN	b6e7d1ae-80d9-5e96-9d44-810d1fe593be	Sat Nov 21 14:39:37 +0000 2020	['covid19', 'vaccines']	0	0	https://twitter.com/i/web/status/1330158935114969088	7.649769082646601
17	when will we have a vaccine?	Coronavirus Vaccine Latest Update (COVID-19 Vaccine) https://t.co/8pBoFrU0Ki via @87292f8d-817e-58df-87b2-f7762505bc2c	da610756-ab39-54ed-82e9-650827624063	Sat Nov 21 14:41:57 +0000 2020	[]	0	0	https://twitter.com/i/web/status/1330159521520619522	7.649769082646601
18	when will we have a vaccine?	RT @fc65d174-c41c-5e30-a4c5-69d86765c0b3: It's the Dolly vaccine!	c7383ca3-d026-5d6b-b32f-b766de36d08a	Sat Nov 21 15:19:56 +0000 2020	[]	13620	884	https://twitter.com/i/web/status/1330169079869689865	7.324096287802192
19	when will we have a vaccine?	The coronavirus vaccine should be free	4028cd22-e757-516b-8e52-12c893d55549	Sat Nov 21 15:42:45 +0000 2020	[]	0	0	https://twitter.com/i/web/status/1330174819678248962	7.324096287802192
0	has Trump passed the covid?	RT @39aa4474-1fdb-5494-9cb6-6f3ff31545d3: Seems the only test that the Trumps can pass is Covid.	190b5614-1033-5f76-913e-d2b070b1d701	Sat Nov 21 14:55:48 +0000 2020	[]	0	0	https://twitter.com/i/web/status/1330163004151902213	8.733444308044518
1	has Trump passed the covid?	Donald Trump Jr says he will pass time in Covid isolation by cleaning his guns https://t.co/YXU9HuuoKb	b9536c50-e733-58d8-baf5-03e5bce29062	Sat Nov 21 16:15:33 +0000 2020	[]	0	0	https://twitter.com/i/web/status/1330183075259699206	6.450076087572999
2	has Trump passed the covid?	Donald Trump Jr says he will pass time in Covid isolation by cleaning his guns https://t.co/6dq624Wblg	f4e57bae-c213-5fc8-985c-57ed2d050acf	Sat Nov 21 15:57:38 +0000 2020	[]	0	0	https://twitter.com/i/web/status/1330178565422321669	6.450076087572999
3	has Trump passed the covid?	Donald Trump Jr says he will pass time in Covid isolation by cleaning his¬†guns https://t.co/IeWGaLiTcd	3b88e2c0-25d9-520c-ae34-49ddca6fd8f1	Sat Nov 21 15:43:50 +0000 2020	[]	0	0	https://twitter.com/i/web/status/1330175094786830338	6.450076087572999
4	has Trump passed the covid?	Donald Trump Jr says he will pass time in Covid isolation by cleaning his guns https://t.co/ZedVDtL9Tx	5148e7d6-0256-5ad4-9f34-dfd8ab68e06b	Sat Nov 21 16:00:03 +0000 2020	[]	0	0	https://twitter.com/i/web/status/1330179173659373572	6.450076087572999
5	has Trump passed the covid?	Donald Trump Jr says he will pass time in Covid isolation by cleaning his guns https://t.co/yeogNMoEkk	c67f2a72-e789-57c0-84da-f575c974d24b	Sat Nov 21 16:13:04 +0000 2020	[]	0	0	https://twitter.com/i/web/status/1330182451830927362	6.450076087572999
6	has Trump passed the covid?	"#üò¨
Donald Trump Jr says he will pass time in Covid isolation by cleaning his guns

https://t.co/dlFrJNfPUs"	6831749c-4d93-5910-a75b-f742c7b65673	Sat Nov 21 15:01:19 +0000 2020	[]	0	0	https://twitter.com/i/web/status/1330164393083105282	6.450076087572999
7	has Trump passed the covid?	"Donald Trump Jr says he will pass time in Covid isolation by cleaning his guns

ooppsieüò≥"	eabfcedd-ebb9-58df-bf76-223889875eb7	Sat Nov 21 15:43:37 +0000 2020	[]	0	0	https://twitter.com/i/web/status/1330175037660336131	6.450076087572999
8	has Trump passed the covid?	RT @245e4713-884f-59b5-a791-43d28762dab4: Donald Trump Jr says he will pass time in Covid isolation by cleaning his guns https://t.co/ZKrWANnC8n	24e8867b-0bf2-5d95-af43-e72819d64286	Sat Nov 21 15:04:28 +0000 2020	[]	0	0	https://twitter.com/i/web/status/1330165185697492993	6.175477693333334
9	has Trump passed the covid?	RT @245e4713-884f-59b5-a791-43d28762dab4: Donald Trump Jr says he will pass time in Covid isolation by cleaning his guns https://t.co/ZKrWANnC8n	b838024a-c40b-5f9b-b61e-aa0ad32b41e2	Sat Nov 21 15:39:06 +0000 2020	[]	0	0	https://twitter.com/i/web/status/1330173904216788995	6.175477693333334
10	has Trump passed the covid?	RT @78b77a3a-3845-5f27-9ff9-7a3a92586cf0: Donald Trump Jr says he will pass time in Covid isolation by cleaning his guns https://t.co/NEbcRDYU4c	f076f764-4ed3-50f0-9e8b-23cc5303bdb7	Sat Nov 21 15:04:31 +0000 2020	[]	0	0	https://twitter.com/i/web/status/1330165197936455680	6.175477693333334
11	has Trump passed the covid?	"He is such a twat!

Donald Trump Jr says he will pass time in Covid isolation by cleaning his guns

https://t.co/SWgkvSGJ2B"	f915dee7-357c-5e54-a9d9-772ec171ab80	Sat Nov 21 15:02:13 +0000 2020	[]	0	0	https://twitter.com/i/web/status/1330164619554516993	6.175477693333334
12	has Trump passed the covid?	RT @78b77a3a-3845-5f27-9ff9-7a3a92586cf0: Donald Trump Jr says he will pass time in Covid isolation by cleaning his guns https://t.co/NEbcRDYU4c	4951dca4-51bc-510f-9f0e-6ba66437b3b6	Sat Nov 21 15:02:18 +0000 2020	[]	0	0	https://twitter.com/i/web/status/1330164642711265284	6.175477693333334
13	has Trump passed the covid?	RT @245e4713-884f-59b5-a791-43d28762dab4: Donald Trump Jr says he will pass time in Covid isolation by cleaning his guns https://t.co/ZKrWANnC8n	e73fe521-7516-51b3-8b6e-659aeee60102	Sat Nov 21 15:02:23 +0000 2020	[]	0	0	https://twitter.com/i/web/status/1330164661258510337	6.175477693333334
14	has Trump passed the covid?	RT @245e4713-884f-59b5-a791-43d28762dab4: Donald Trump Jr says he will pass time in Covid isolation by cleaning his guns https://t.co/ZKrWANnC8n	f3814851-a566-5ac2-aee5-df5b40738f36	Sat Nov 21 15:42:27 +0000 2020	[]	0	0	https://twitter.com/i/web/status/1330174744214298631	6.175477693333334
15	has Trump passed the covid?	RT @78b77a3a-3845-5f27-9ff9-7a3a92586cf0: Donald Trump Jr says he will pass time in Covid isolation by cleaning his guns https://t.co/NEbcRDYU4c	fd669557-96bc-5557-ae70-c0b21fb6bfe2	Sat Nov 21 14:55:36 +0000 2020	[]	0	0	https://twitter.com/i/web/status/1330162954340331527	6.175477693333334
16	has Trump passed the covid?	RT @78b77a3a-3845-5f27-9ff9-7a3a92586cf0: Donald Trump Jr says he will pass time in Covid isolation by cleaning his guns https://t.co/NEbcRDYU4c	41e91c5e-4855-5b5d-a4e0-cb9be42a380e	Sat Nov 21 15:07:39 +0000 2020	[]	0	0	https://twitter.com/i/web/status/1330165989678477312	6.175477693333334
17	has Trump passed the covid?	Donald Trump Jr says he will pass time in Covid isolation by building up an immunity to iocane powder.	ab92fcf6-162a-5d5b-a3d9-637874e7dc40	Sat Nov 21 15:50:42 +0000 2020	[]	0	0	https://twitter.com/i/web/status/1330176822085103618	6.175477693333334
18	has Trump passed the covid?	RT @78b77a3a-3845-5f27-9ff9-7a3a92586cf0: Donald Trump Jr says he will pass time in Covid isolation by cleaning his guns https://t.co/NEbcRDYU4c	2702ac2c-10ee-5645-a51c-1aacb80b039c	Sat Nov 21 15:50:43 +0000 2020	[]	0	0	https://twitter.com/i/web/status/1330176825780285440	6.175477693333334
19	has Trump passed the covid?	RT @245e4713-884f-59b5-a791-43d28762dab4: Donald Trump Jr says he will pass time in Covid isolation by cleaning his guns https://t.co/ZKrWANnC8n	777d947f-f24a-595b-8eaa-8ba99308f42a	Sat Nov 21 15:43:40 +0000 2020	[]	0	0	https://twitter.com/i/web/status/1330175052973813763	6.175477693333334
0	where should i wear a mask?	Wear a mask.	e3d16a3a-2e4e-5157-bacb-a01bc0c1b407	Sat Nov 21 15:27:58 +0000 2020	[]	89	45	https://twitter.com/i/web/status/1330171101331283970	16.322071024999996
1	where should i wear a mask?	Wear your MASKS!	92151eb7-597d-5473-9816-a705631fa3ac	Sat Nov 21 16:12:54 +0000 2020	[]	1	0	https://twitter.com/i/web/status/1330182409334165506	16.322071024999996
2	where should i wear a mask?	Wear a mask	9f6218e3-6403-5cb0-b8c7-78262a42750c	Sat Nov 21 15:28:03 +0000 2020	[]	76	20	https://twitter.com/i/web/status/1330171121812054016	16.322071024999996
3	where should i wear a mask?	Wear a mask	a3ba6369-0ff5-59d3-9f42-13be915c96f9	Sat Nov 21 14:39:50 +0000 2020	[]	4371	1597	https://twitter.com/i/web/status/1330158989376688130	16.322071024999996
4	where should i wear a mask?	Just wear the mask.	ce8c4705-b764-5e70-b82d-df438ae78cae	Sat Nov 21 15:09:00 +0000 2020	[]	2	1	https://twitter.com/i/web/status/1330166326564950017	16.322071024999996
5	where should i wear a mask?	Wear a mask!	332f434a-69d2-5b5f-86ac-554d152ff64a	Sat Nov 21 14:34:17 +0000 2020	[]	62	42	https://twitter.com/i/web/status/1330157589620023297	16.322071024999996
6	where should i wear a mask?	"WeAR   A   MASK‚ùó
https://t.co/BgqAprrCve"	a029ee21-0eba-525b-b576-d547408ebffa	Sat Nov 21 16:20:23 +0000 2020	[]	0	0	https://twitter.com/i/web/status/1330184293554016261	13.326915185572004
7	where should i wear a mask?	Wear. A. Damn. Mask.	8bb70914-f64e-547a-96fe-cbe1a3eb8dd7	Sat Nov 21 14:47:58 +0000 2020	[]	666	363	https://twitter.com/i/web/status/1330161032795463683	13.326915185572004
8	where should i wear a mask?	Please wear your mask!	c12df57d-ce8a-5b22-82a8-683125400fab	Sat Nov 21 15:26:40 +0000 2020	[]	1	1	https://twitter.com/i/web/status/1330170775421259777	13.326915185572004
9	where should i wear a mask?	An inspiration. Wear your mask!	0ac5bd0d-5b9a-5427-88a1-e75d945d1268	Sat Nov 21 14:57:54 +0000 2020	[]	105	11	https://twitter.com/i/web/status/1330163533351415813	13.326915185572004
10	where should i wear a mask?	Wear a mask! #MaskUp	11f77f0f-024d-515f-a3dd-8ec9b646a412	Sat Nov 21 14:59:55 +0000 2020	['MaskUp']	2098	290	https://twitter.com/i/web/status/1330164043034845185	13.326915185572004
11	where should i wear a mask?	Wear your mask people	56ca85fe-cfde-502b-b4cd-aeef86b2a652	Sat Nov 21 15:56:22 +0000 2020	[]	2849	479	https://twitter.com/i/web/status/1330178247506751495	13.326915185572004
12	where should i wear a mask?	"We need an ad campaign to the effect of: 
""Wear this mask, so you don't have to wear =this= mask."""	9a5b0f11-598f-5348-8b84-25e680ee4201	Sat Nov 21 15:30:04 +0000 2020	[]	11	8	https://twitter.com/i/web/status/1330171628999897088	12.804085947495748
13	where should i wear a mask?	RT @6155ae60-2edc-5dcd-b9c9-a09465731907: MASKS WORK. WEAR A MASK.	7990f8f8-6d0a-51f1-8160-5297b78be83f	Sat Nov 21 15:34:40 +0000 2020	[]	2228	1043	https://twitter.com/i/web/status/1330172787701506050	12.325994630888525
14	where should i wear a mask?	If you've never worked while wearing a mask I don't want your opinion on covid or mask wearing.	7d70b510-2de1-5b6d-b27a-1bf988b824ce	Sat Nov 21 14:52:12 +0000 2020	[]	0	0	https://twitter.com/i/web/status/1330162098484162563	11.919955314125286
15	where should i wear a mask?	Mask wearing arseholes read this	3ba9c2f5-e006-556f-a188-d9cd3a69ba28	Sat Nov 21 15:08:44 +0000 2020	[]	31546	12734	https://twitter.com/i/web/status/1330166258675933188	11.54144710478596
16	where should i wear a mask?	Wear a mask! It‚Äôs a Serious Matter!	81fc78f9-373b-58d3-be80-cb30af7ba797	Sat Nov 21 16:18:55 +0000 2020	[]	137	62	https://twitter.com/i/web/status/1330183920923635713	11.54144710478596
17	where should i wear a mask?	"Wear a mask 
NYC STRONG"	2753b80d-769e-5430-97a9-d4a7459073ef	Sat Nov 21 14:52:29 +0000 2020	[]	9	3	https://twitter.com/i/web/status/1330162172098449409	11.54144710478596
18	where should i wear a mask?	Daily reminder to wear a mask!	eb4b479e-40e8-512b-ba38-a17ff30ba134	Sat Nov 21 14:49:02 +0000 2020	[]	9538	3118	https://twitter.com/i/web/status/1330161303248384000	11.54144710478596
19	where should i wear a mask?	Fauci said that even with a vaccine, we should still wear masks. That is tantamount to saying we should wear masks‚Ä¶ https://t.co/lisymjp9lD	abe1b956-f619-52dd-a77f-2c6f8f5c28dd	Sat Nov 21 16:06:56 +0000 2020	[]	209	65	https://twitter.com/i/web/status/1330180907261636610	11.54144710478596
